{"cameraMode":{"drawMode":0,"name":"Shaded","section":"Shading Mode"},"sceneLighting":false,"audioPlay":false,"sceneViewState":{"showFog":true,"showMaterialUpdate":false,"showSkybox":false,"showFlares":true,"showImageEffects":true,"showParticleSystems":true},"in2DMode":false,"pivot":{"x":-0.0020168721675872804,"y":0.6035754680633545,"z":-0.2539461851119995},"rotation":{"x":-0.0018537667347118259,"y":0.9966555833816528,"z":-0.07820774614810944,"w":-0.023624196648597719},"size":1.0428720712661744,"orthographic":false}