{"cameraMode":{"drawMode":0,"name":"Shaded","section":"Shading Mode"},"sceneLighting":false,"audioPlay":true,"sceneViewState":{"showFog":true,"showMaterialUpdate":true,"showSkybox":false,"showFlares":true,"showImageEffects":false,"showParticleSystems":true},"in2DMode":false,"pivot":{"x":1.9656189680099488,"y":1.1183011531829835,"z":1.421408772468567},"rotation":{"x":0.03835485875606537,"y":0.6859207153320313,"z":-0.03626475855708122,"w":0.7257656455039978},"size":2.0089478492736818,"orthographic":false}