{"cameraMode":{"drawMode":0,"name":"Shaded","section":"Shading Mode"},"sceneLighting":true,"audioPlay":false,"sceneViewState":{"showFog":true,"showMaterialUpdate":true,"showSkybox":true,"showFlares":true,"showImageEffects":false,"showParticleSystems":true},"in2DMode":false,"pivot":{"x":3.3436665534973146,"y":1.6150555610656739,"z":2.3557004928588869},"rotation":{"x":-0.05703342705965042,"y":0.8705002069473267,"z":-0.1039065346121788,"w":-0.4776885509490967},"size":1.00425386428833,"orthographic":false}