{"cameraMode":{"drawMode":0,"name":"Shaded","section":"Shading Mode"},"sceneLighting":false,"audioPlay":false,"sceneViewState":{"showFog":true,"showMaterialUpdate":true,"showSkybox":false,"showFlares":true,"showImageEffects":false,"showParticleSystems":true},"in2DMode":false,"pivot":{"x":-0.3690616190433502,"y":0.8708107471466065,"z":0.6361778378486633},"rotation":{"x":-0.030850805342197419,"y":0.6719925999641419,"z":0.028024528175592424,"w":0.7393897175788879},"size":0.8411786556243897,"orthographic":false}